{
    "eval_loss": 0.7763477563858032,
    "eval_runtime": 11.344,
    "eval_samples_per_second": 47.691,
    "eval_steps_per_second": 5.994,
    "eval_rewards/chosen": -0.0637328252196312,
    "eval_rewards/rejected": -1.2328191995620728,
    "eval_rewards/accuracies": 0.9889705777168274,
    "eval_rewards/margins": 1.1690863370895386,
    "eval_logps/rejected": -12.328191757202148,
    "eval_logps/chosen": -0.6373283863067627,
    "eval_logits/rejected": -0.6009451746940613,
    "eval_logits/chosen": 1.2732528448104858,
    "eval_nll_loss": 0.7704375982284546,
    "eval_log_odds_ratio": -0.05267535522580147,
    "eval_log_odds_chosen": 12.554445266723633,
    "epoch": 0.9999252112781393
}