{
    "eval_loss": 1.1183849573135376,
    "eval_runtime": 5.4016,
    "eval_samples_per_second": 28.695,
    "eval_steps_per_second": 3.703,
    "eval_rewards/chosen": -0.0034332540817558765,
    "eval_rewards/rejected": -0.0035957954823970795,
    "eval_rewards/accuracies": 0.11249999701976776,
    "eval_rewards/margins": 0.00016254190995823592,
    "eval_logps/rejected": -0.35957953333854675,
    "eval_logps/chosen": -0.3433254063129425,
    "eval_logits/rejected": 0.5202782154083252,
    "eval_logits/chosen": 0.5180325508117676,
    "eval_nll_loss": 1.1037366390228271,
    "eval_log_odds_ratio": -0.6805765628814697,
    "eval_log_odds_chosen": 0.0863940566778183,
    "epoch": 0.34098360655737703
}