{
    "eval_loss": 1.132932186126709,
    "eval_runtime": 5.4957,
    "eval_samples_per_second": 28.204,
    "eval_steps_per_second": 3.639,
    "eval_rewards/chosen": -0.000358510558726266,
    "eval_rewards/rejected": -0.00037552230060100555,
    "eval_rewards/accuracies": 0.11249999701976776,
    "eval_rewards/margins": 1.7011760064633563e-05,
    "eval_logps/rejected": -0.37552228569984436,
    "eval_logps/chosen": -0.3585105538368225,
    "eval_logits/rejected": 0.607154130935669,
    "eval_logits/chosen": 0.6067487001419067,
    "eval_nll_loss": 1.1242307424545288,
    "eval_log_odds_ratio": -0.6769968271255493,
    "eval_log_odds_chosen": 0.0844063013792038,
    "epoch": 0.34098360655737703
}