{
    "eval_loss": 1.138069748878479,
    "eval_runtime": 5.4388,
    "eval_samples_per_second": 28.499,
    "eval_steps_per_second": 3.677,
    "eval_rewards/chosen": -0.00036183639895170927,
    "eval_rewards/rejected": -0.0003791257331613451,
    "eval_rewards/accuracies": 0.11249999701976776,
    "eval_rewards/margins": 1.728931601974182e-05,
    "eval_logps/rejected": -0.3791256844997406,
    "eval_logps/chosen": -0.36183640360832214,
    "eval_logits/rejected": 0.6552128195762634,
    "eval_logits/chosen": 0.654263973236084,
    "eval_nll_loss": 1.1295231580734253,
    "eval_log_odds_ratio": -0.6769217252731323,
    "eval_log_odds_chosen": 0.08806724846363068,
    "epoch": 0.34098360655737703
}