{
    "eval_loss": 1.1383883953094482,
    "eval_runtime": 4.6422,
    "eval_samples_per_second": 33.389,
    "eval_steps_per_second": 4.308,
    "eval_rewards/chosen": -0.0003614987654145807,
    "eval_rewards/rejected": -0.00037902279291301966,
    "eval_rewards/accuracies": 0.11249999701976776,
    "eval_rewards/margins": 1.7524023860460147e-05,
    "eval_logps/rejected": -0.3790227770805359,
    "eval_logps/chosen": -0.36149874329566956,
    "eval_logits/rejected": 0.5603246688842773,
    "eval_logits/chosen": 0.5597134232521057,
    "eval_nll_loss": 1.1297963857650757,
    "eval_log_odds_ratio": -0.6774311661720276,
    "eval_log_odds_chosen": 0.08710328489542007,
    "epoch": 0.34098360655737703
}